imglink,acme_breakouts,dark_skin_tone,dry_skin,earings,East Asian (Chinese),fair_skin_tone,heart_face,left_side_face,medium_skin,necklace,oily,oval face,resistive skin,right_side_face,sensitive skin,South East Asian (indian nepali),tatoos,visible_pores,with_glasses,with_goggles,Western
acme 1,1,0,1,1,0,1,0,0,0,0,0,0,0,1,0,0,0,1,0,0,1
acme 2,1,0,0,0,0,1,0,1,0,0,1,0,0,0,1,0,0,0,0,0,1
acme 3,1,0,1,0,0,1,0,1,0,0,0,0,0,0,1,0,0,0,0,0,1
acme 4,1,0,0,0,0,1,0,0,0,0,0,0,0,1,1,0,0,0,0,0,1
acme 5,1,0,0,0,0,0,0,0,1,0,0,0,0,0,1,0,0,0,0,0,0
acme 6,1,0,1,0,0,1,1,0,0,0,0,0,0,0,1,0,0,0,0,0,1
acme 7,1,0,1,0,0,0,0,0,1,0,0,0,0,1,1,0,0,1,0,0,0
acme 8,1,0,0,0,0,0,0,1,1,0,1,0,0,0,1,0,0,1,0,0,0
acme 9,1,0,0,1,0,1,1,0,0,1,1,0,0,0,1,0,0,1,0,0,1
acme 10,1,0,1,1,0,0,0,0,0,0,1,0,0,0,1,0,0,1,0,0,1
acme 11,1,0,1,0,0,1,1,0,0,0,0,0,0,0,1,0,0,0,0,0,1
acme 12,1,0,0,0,0,0,0,0,1,0,0,0,1,0,1,0,0,0,0,0,0
acme 13,1,0,1,0,0,0,1,0,1,0,0,0,0,0,1,0,0,0,0,0,1
acme 14,1,0,1,0,0,1,0,1,0,0,0,1,0,0,1,0,0,0,0,0,1
acme 15,1,0,1,0,0,1,1,1,0,0,0,0,0,0,1,0,0,0,0,0,1
acme 16,1,0,0,0,0,1,1,0,0,0,1,0,0,0,1,0,0,0,0,0,1
acme 17,1,0,0,0,0,0,1,0,1,0,1,0,0,0,1,0,0,0,0,0,1
acme 18,1,0,1,0,0,1,0,0,1,0,0,0,0,0,1,0,0,0,0,0,1
acme 19,1,0,1,0,0,1,1,0,0,0,0,0,0,0,1,0,0,0,0,0,1
acme 20,1,0,0,0,0,1,1,0,0,0,1,0,0,0,1,0,0,0,0,0,1
acme 21,1,0,1,0,1,0,1,0,1,0,1,0,0,0,1,0,0,0,0,0,0
acme 22,1,0,0,0,0,1,0,0,0,0,1,0,0,1,1,0,0,0,0,0,1
acme 23,1,0,1,0,0,1,0,0,0,0,0,1,0,0,1,0,0,0,0,0,1
acme 24,1,0,0,0,0,1,1,0,0,0,1,0,0,0,1,0,0,0,0,0,1
acme 25,1,0,1,0,0,1,0,0,0,0,0,0,0,1,1,0,0,0,0,0,1
acme 26,1,0,0,0,1,1,0,0,0,0,1,0,0,0,1,0,0,0,0,0,1
acme 27,1,0,1,0,0,0,0,0,1,0,0,0,0,0,1,0,0,0,0,0,1
acme 28,1,0,1,1,0,1,0,1,0,0,0,0,0,0,1,0,0,0,0,0,1
acme 29,1,0,0,0,0,0,0,0,1,0,1,0,0,0,1,0,0,0,0,0,0
acme 30,1,0,1,0,0,1,0,0,0,0,0,1,0,0,1,0,0,0,0,0,1
acme 31,1,0,1,0,1,1,1,0,0,0,0,0,0,0,1,0,0,0,0,0,0
acme 32,1,0,1,0,1,1,1,0,0,0,0,0,0,1,1,0,0,0,0,0,0
acme 33,1,0,1,0,0,1,0,0,0,0,0,1,0,0,1,0,0,1,0,0,0
acme 34,1,0,0,0,1,0,0,0,1,0,0,0,1,0,1,0,0,1,0,0,0
acme 35,1,0,1,0,0,0,0,0,1,0,0,0,0,0,1,0,0,0,0,0,1
acme 36,1,0,0,0,1,1,0,0,0,0,0,0,0,1,1,1,0,0,0,0,0
acme 37,1,0,0,0,0,1,0,0,0,0,1,0,0,1,1,0,0,0,0,0,0
acme 38,1,0,0,0,0,1,0,0,0,0,1,1,0,1,1,0,0,1,0,0,0
acme 39,1,0,1,0,0,0,0,0,1,1,0,1,0,0,1,0,0,0,0,0,0
acme 40,1,0,1,0,0,0,0,0,1,1,0,1,0,0,1,0,0,0,0,0,0
acme 41,1,0,1,0,0,0,0,0,1,0,0,1,0,1,1,0,0,0,0,0,0
acme 42,1,0,1,0,0,0,1,0,1,0,0,0,0,1,1,0,0,0,0,0,0
acme 43,1,0,1,0,0,1,1,0,0,0,0,0,0,0,1,0,0,0,0,0,0
acme 44,1,0,1,1,0,1,0,0,0,0,0,1,0,0,1,0,0,0,0,0,0
acme 45,1,0,0,0,0,0,0,0,1,0,1,1,0,0,1,0,0,1,0,0,0
acme 46,1,0,1,1,0,0,0,0,1,0,0,1,0,1,1,0,0,0,0,0,0
acme 47,1,0,0,0,0,1,1,0,0,0,1,0,0,0,1,0,0,0,0,0,0
acme 48,1,0,0,0,0,1,0,0,0,0,0,0,0,0,1,0,0,0,0,0,0
acme 49,1,0,0,0,1,1,1,0,1,0,1,0,0,1,1,0,0,0,0,0,0
acme 50,1,0,0,0,0,1,0,0,0,0,1,0,0,1,1,0,0,0,0,0,1
Dark 1,0,1,0,1,0,0,0,1,0,1,1,0,0,0,1,0,0,1,0,0,0
Dark 2,0,1,0,0,0,0,0,0,0,0,1,1,0,0,1,0,0,0,0,0,0
Dark 3,0,1,0,1,0,0,0,1,0,0,0,0,1,0,0,0,0,0,0,0,0
Dark 4,0,1,0,0,0,0,0,0,0,0,0,1,1,0,0,0,0,0,0,0,0
Dark 5,0,1,0,0,0,0,0,1,0,0,1,0,0,0,1,0,0,0,0,0,0
Dark 6,0,1,0,0,0,0,1,0,0,0,1,0,0,0,1,0,0,0,0,0,0
Dark 7,0,1,0,0,0,0,0,0,0,1,1,1,0,0,1,0,0,0,0,0,0
Dark 8,0,1,0,0,0,0,1,0,0,0,0,0,1,0,0,0,0,0,0,0,0
Dark 9,0,1,0,0,0,0,1,0,0,0,1,0,0,0,1,0,0,0,0,0,0
Dark 10,0,1,0,0,0,0,0,0,0,0,1,0,0,0,1,0,0,1,0,0,0
Dark 11,0,1,0,0,0,0,0,1,0,0,0,0,1,0,0,0,0,0,0,0,0
Dark 12,0,1,0,0,0,0,1,0,0,1,0,0,1,0,0,0,0,0,0,0,0
Dark 13,0,1,0,0,0,0,0,0,0,1,1,1,0,0,1,0,0,0,0,0,0
Dark 14,0,1,0,1,0,0,0,0,0,1,1,0,0,1,1,0,0,0,0,0,0
Dark 15,0,1,0,0,0,0,0,0,0,0,1,1,0,0,1,0,0,1,0,0,0
Dark 16,0,1,0,0,0,0,0,0,0,1,1,1,0,0,1,0,0,0,0,0,0
Dark 17,0,1,0,1,0,0,0,0,0,0,1,0,0,0,1,0,0,0,0,0,0
Dark 18,0,1,0,0,0,0,0,0,0,1,1,1,0,0,1,0,0,0,0,0,0
Dark 19,0,1,0,1,0,0,0,0,0,0,0,0,1,1,0,0,0,0,0,0,0
Dark 20,0,1,0,0,0,0,0,0,0,0,1,0,0,0,1,0,0,0,0,0,0
Dark 21,1,1,0,0,0,0,0,0,0,0,1,1,0,0,1,0,0,1,0,0,0
Dark 22,0,1,0,0,0,0,0,1,0,0,1,0,0,0,1,0,0,0,0,0,0
Dark 23,0,1,0,0,0,0,0,0,0,0,1,0,1,1,1,0,0,0,0,0,0
Dark 24,0,1,0,0,0,0,0,1,0,0,0,0,1,0,0,0,0,0,0,0,0
Dark 25,1,1,0,1,0,0,0,1,0,0,1,0,0,0,1,0,0,1,0,0,0
Dark 26,0,1,0,0,0,0,0,0,0,0,1,0,0,1,1,0,0,0,0,0,0
Dark 27,0,1,0,1,0,0,0,0,0,0,0,1,1,0,0,0,0,0,0,0,0
Dark 28,0,1,0,1,0,0,0,0,0,0,1,0,0,1,1,0,0,0,0,0,0
Dark 29,0,1,0,0,0,0,1,0,0,0,1,0,0,0,1,0,0,0,0,0,0
Dark 30,0,1,0,0,0,0,1,0,0,0,1,0,0,0,1,0,1,0,0,0,0
Dark 31,0,1,0,0,0,0,0,0,0,1,1,1,0,0,1,0,0,0,0,0,0
Dark 32,0,1,0,0,0,0,0,0,0,0,0,0,0,0,0,0,0,0,0,0,0
Dark 33,0,1,0,0,0,0,0,0,0,0,0,0,0,0,0,0,0,0,0,0,0
Dark 34,0,1,0,0,0,0,0,0,0,0,0,0,0,0,0,0,0,0,0,0,0
Dark 35,0,1,0,0,0,0,0,0,0,0,0,0,0,0,0,0,0,0,0,0,0
Dark 36,0,1,0,0,0,0,0,0,0,0,0,0,0,0,0,0,0,0,0,0,0
Dark 37,0,1,0,0,0,0,0,0,0,0,0,0,0,0,0,0,0,0,0,0,0
Dark 38,0,1,0,0,0,0,0,0,0,0,0,0,0,0,0,0,0,0,0,0,0
Dark 39,0,1,0,0,0,0,0,0,0,0,0,0,0,0,0,0,0,0,0,0,0
Dark 40,0,1,0,0,0,0,0,0,0,0,0,0,0,0,0,0,0,0,0,0,0
Dark 41,0,1,0,0,0,0,0,0,0,0,0,0,0,0,0,0,0,0,0,0,0
Dark 42,0,1,0,0,0,0,0,0,0,0,0,0,0,0,0,0,0,0,0,0,0
Dark 43,0,1,0,0,0,0,0,0,0,0,0,0,0,0,0,0,0,0,0,0,0
Dark 44,0,1,0,0,0,0,0,0,0,0,0,0,0,0,0,0,0,0,0,0,0
Dark 45,0,1,0,0,0,0,0,0,0,0,0,0,0,0,0,0,0,0,0,0,0
Dark 46,0,1,0,0,0,0,0,0,0,0,0,0,0,0,0,0,0,0,0,0,0
Dark 47,0,1,0,0,0,0,0,0,0,0,0,0,0,0,0,0,0,0,0,0,0
Dark 48,0,1,0,0,0,0,0,0,0,0,0,0,0,0,0,0,0,0,0,0,0
Dark 49,0,1,0,0,0,0,0,0,0,0,0,0,0,0,0,0,0,0,0,0,0
Dark 50,0,1,0,0,0,0,0,0,0,0,0,0,0,0,0,0,0,0,0,0,0
earings 1,0,0,0,1,0,0,0,0,1,0,0,1,1,0,0,1,0,0,0,0,0
earings 2,0,0,0,1,0,1,0,0,0,0,0,1,1,0,0,1,0,0,0,0,0
earings 3,0,0,0,1,0,1,0,0,0,0,0,1,1,0,0,1,0,0,0,0,0
earings 4,0,0,0,1,1,1,1,0,0,0,0,0,0,0,0,0,0,0,0,0,0
earings 5,0,0,0,1,0,1,0,0,0,0,0,1,1,0,0,0,0,0,0,0,1
earings 6,0,0,0,1,0,0,1,0,1,1,0,0,1,0,0,0,0,0,0,0,1
earings 7,0,0,0,1,0,1,0,0,0,0,0,0,1,0,0,1,0,0,0,0,0
earings 8,0,0,0,1,0,1,0,0,0,1,0,1,1,0,0,1,0,0,0,0,0
earings 9,0,0,0,1,0,1,1,0,0,0,0,0,1,0,0,0,0,0,0,0,1
earings 10,0,0,0,1,0,0,0,0,1,1,0,1,1,0,0,1,0,0,0,0,0
earings 11,0,0,0,1,0,1,0,0,0,0,0,1,1,0,0,1,0,0,0,0,0
earings 12,0,0,0,1,0,0,0,0,1,0,0,1,1,0,0,1,0,0,0,0,0
earings 13,0,0,0,1,0,1,0,0,0,1,0,1,1,0,0,1,0,0,0,0,0
earings 14,0,0,0,1,0,0,0,0,0,0,0,1,0,0,1,0,0,0,0,0,1
earings 15,0,0,0,1,0,1,0,0,0,0,0,1,1,0,0,0,0,0,0,0,1
earings 16,0,0,0,1,0,0,0,0,1,1,1,0,0,0,1,1,0,0,0,0,0
earings 17,0,0,0,1,0,1,1,0,0,0,0,0,1,0,0,1,0,0,0,0,0
earings 18,0,0,0,1,0,0,1,0,1,0,0,0,1,0,0,1,0,0,0,0,0
earings 19,0,0,0,1,0,1,0,1,0,0,0,0,1,0,0,0,0,0,0,0,1
earings 20,0,0,0,1,0,1,0,0,0,0,0,1,1,0,0,0,0,0,0,0,1
earings 21,0,0,0,1,0,1,0,0,0,0,0,0,1,1,0,0,0,0,0,0,1
earings 22,0,0,1,1,0,1,1,0,0,0,0,0,0,0,1,0,0,0,0,0,1
earings 23,0,0,0,1,0,1,0,0,0,0,0,1,1,1,0,0,0,0,0,0,0
earings 24,0,0,0,1,0,1,0,0,0,0,1,1,0,0,1,1,0,0,0,0,0
earings 25,0,0,0,1,1,1,0,0,0,0,0,1,1,0,0,0,0,0,0,0,0
earings 26,0,0,0,1,0,0,1,0,1,0,1,0,0,1,1,1,0,0,0,0,0
earings 27,0,0,0,1,0,1,0,0,0,0,0,1,1,0,0,0,0,0,0,0,1
earings 28,0,0,0,1,0,1,0,0,0,0,0,1,1,0,0,0,0,0,0,0,1
earings 29,0,0,0,1,0,0,0,0,1,1,0,1,1,0,0,1,0,0,0,0,0
earings 30,0,0,1,1,0,1,0,1,0,0,0,1,0,0,1,0,0,0,0,0,1
earings 31,0,0,1,1,0,1,1,0,0,0,0,0,0,0,1,0,0,0,0,0,1
earings 32,0,0,0,1,1,1,0,0,0,0,0,1,1,0,0,0,0,0,0,0,0
earings 33,0,0,1,1,0,0,0,0,1,0,0,1,0,0,1,1,0,0,0,0,0
earings 34,0,0,0,1,0,0,0,1,1,0,1,0,0,0,1,1,0,0,0,0,0
earings 35,0,0,0,1,0,0,1,0,1,0,1,1,0,0,1,1,0,0,0,0,0
earings 36,0,0,1,1,0,1,0,0,0,0,0,1,0,0,1,0,0,0,0,0,1
earings 37,0,0,0,1,0,1,1,0,0,0,1,0,0,0,1,0,0,0,0,0,1
earings 38,0,0,0,1,0,1,0,0,0,0,1,1,0,0,1,0,0,0,0,0,1
earings 39,0,0,0,1,0,1,0,0,0,0,0,1,1,0,0,0,0,0,0,0,1
earings40,0,0,0,1,0,1,0,1,0,0,0,0,1,0,0,1,0,0,0,0,0
earings 41,0,0,0,1,0,1,0,0,0,0,0,0,1,1,0,0,0,0,0,0,1
earings 42,0,0,0,1,0,0,0,0,1,0,0,1,1,0,0,1,0,0,0,0,0
earings43,0,0,0,1,0,1,0,0,0,0,0,0,1,0,0,0,0,0,0,0,1
earings 44,0,0,0,1,0,1,0,0,0,0,0,1,1,1,0,1,0,0,0,0,0
earings 45,0,0,0,1,0,1,0,1,0,0,0,1,1,0,0,0,0,0,0,0,1
earings 46,0,0,0,1,0,1,0,1,0,0,0,1,1,0,0,0,0,0,0,0,1
earings 47,0,0,0,1,0,1,1,0,0,0,0,0,1,0,0,0,0,0,0,0,1
earings 48,0,0,0,1,0,1,0,0,0,0,1,1,0,0,1,0,0,0,0,0,1
earings 49,0,0,1,1,0,1,0,0,0,0,0,1,0,0,1,1,0,0,0,0,0
earings 50,0,0,0,1,0,1,1,0,0,1,0,0,1,0,0,1,0,0,0,0,0
East Asian 1,0,1,1,0,1,0,0,0,1,0,1,0,0,0,1,0,0,0,1,0,0
East Asian 2,0,0,1,0,1,0,1,0,1,0,0,0,0,0,0,0,0,0,1,0,0
East Asian 3,0,0,0,0,1,0,1,0,1,0,1,0,0,0,1,0,0,0,0,0,0
East Asian 4,1,0,0,0,1,0,0,1,1,0,1,0,0,0,1,0,0,0,0,0,0
East Asian 5,0,1,0,0,1,0,1,0,1,0,1,0,0,0,1,0,0,0,1,0,0
East Asian 6,0,0,0,0,1,1,1,0,1,0,0,0,1,0,0,0,0,0,0,0,0
East Asian 7,0,0,0,0,1,0,1,0,1,0,0,0,1,0,0,0,0,0,0,0,0
East Asian 8,0,0,1,1,1,0,0,0,1,0,0,1,0,0,1,0,0,0,0,0,0
East Asian 9,0,0,0,0,1,1,1,0,1,0,0,0,1,1,0,0,0,0,0,0,0
East Asian 10,1,0,1,0,1,0,1,0,1,0,0,0,0,0,1,0,0,0,1,0,0
East Asian 11,0,0,0,0,1,1,1,0,0,0,0,0,1,0,0,0,0,0,0,0,0
East Asian 12,0,1,0,0,1,0,0,0,1,0,1,0,0,0,1,0,0,0,0,0,0
East Asian 13,0,0,0,1,1,1,1,0,0,0,1,0,0,0,1,0,0,0,0,0,0
East Asian 14,0,0,1,0,1,0,0,0,1,0,0,0,0,1,1,0,0,1,1,0,0
East Asian 15,0,0,1,0,1,0,0,0,1,0,0,0,0,1,1,0,0,0,0,0,0
East Asian 16,0,0,1,0,1,0,0,0,1,0,0,0,0,1,1,0,0,0,0,0,0
East Asian 17,0,0,0,0,1,0,1,0,1,0,0,1,0,0,0,0,0,0,0,0,0
East Asian 18,1,0,0,0,1,0,1,0,1,0,0,0,0,0,1,0,0,0,0,0,0
East Asian 19,1,0,0,0,1,0,1,0,1,0,0,0,0,0,1,0,0,1,0,0,0
East Asian 20,1,0,0,0,1,1,0,1,0,0,1,0,0,0,1,0,0,0,0,0,0
East Asian 21,1,0,0,0,1,1,1,0,0,0,0,0,0,0,1,0,0,0,0,0,0
East Asian 22,1,0,1,0,1,1,0,0,0,0,0,0,0,0,1,0,0,0,0,0,0
East Asian 23,0,0,0,0,1,1,1,0,0,0,0,0,1,0,0,0,0,0,0,0,0
East Asian 24,0,0,0,0,1,1,0,0,0,0,0,0,1,0,0,0,0,0,1,0,0
East Asian 25,1,0,1,0,1,0,1,0,0,0,0,0,0,0,1,0,0,1,1,0,0
East Asian 26,1,0,1,0,1,0,0,0,1,0,0,0,0,0,1,0,0,1,1,0,0
East Asian 27,0,0,1,0,1,1,1,0,0,0,0,0,1,0,0,0,0,0,0,0,0
East Asian 28,0,0,0,0,1,0,0,0,0,0,0,0,0,0,0,0,0,0,0,0,0
East Asian 29,0,0,0,0,1,0,0,1,1,0,1,0,0,0,1,0,0,0,0,0,0
East Asian 30,0,0,0,0,1,1,1,0,0,0,0,0,1,0,0,0,0,0,0,0,0
East Asian 31,0,0,0,0,1,1,0,1,0,0,1,0,0,0,1,0,0,0,0,0,0
East Asian 32,0,0,0,0,1,0,0,0,0,0,0,0,0,0,0,0,0,0,0,0,0
East Asian 33,0,0,1,0,1,0,1,1,1,0,0,0,0,0,1,0,0,1,0,0,0
East Asian 34,0,0,0,0,1,1,0,0,0,0,0,1,1,0,0,0,0,0,0,0,0
East Asian 35,0,0,1,0,1,0,1,0,1,0,0,1,0,0,1,0,0,0,0,0,0
East Asian 36,0,0,0,0,1,0,0,0,1,0,0,0,1,1,0,0,0,0,0,0,0
East Asian 37,0,0,0,0,1,1,0,1,0,0,0,0,1,0,0,0,0,0,0,0,0
East Asian 38,0,0,1,0,1,0,1,0,0,0,0,0,1,0,0,0,0,0,0,0,0
East Asian 39,0,0,0,0,1,0,0,1,1,0,1,0,0,1,0,0,0,0,1,0,0
East Asian 40,0,0,0,1,1,0,0,0,1,1,1,0,0,0,1,0,0,0,0,0,0
East Asian 41,0,0,0,1,1,0,0,0,1,1,1,0,0,0,1,0,0,0,0,0,0
East Asian 42,1,0,1,0,1,0,0,1,1,0,0,0,0,0,1,0,0,0,1,0,0
East Asian 43,0,0,0,0,1,1,0,0,0,0,1,0,0,1,1,0,0,0,0,0,0
East Asian 44,0,0,1,0,1,0,0,0,0,0,0,0,0,0,1,0,0,1,1,0,0
East Asian 45,0,0,0,0,1,0,0,1,1,0,0,0,1,0,0,0,0,0,0,1,0
East Asian 46,0,0,0,0,1,1,1,0,0,0,1,0,1,0,0,0,0,0,0,0,0
East Asian 47,0,0,0,0,1,1,0,0,0,0,0,0,1,1,0,0,0,0,0,0,0
East Asian 48,0,0,0,0,1,0,0,1,1,0,0,0,1,0,0,0,0,0,0,0,0
East Asian 49,1,0,0,0,1,0,0,0,1,0,0,0,0,0,1,0,0,1,0,0,0
East Asian 50,0,0,0,0,0,0,0,1,1,0,0,1,1,1,0,0,0,0,0,0,0
Fair_skin 1,0,0,0,0,1,1,0,0,0,0,0,1,1,0,0,0,0,0,0,0,0
Fair_skin 2,0,0,0,0,0,1,1,0,1,0,0,0,1,0,0,1,0,0,0,0,0
Fair_skin 3,0,0,0,0,0,1,0,0,0,0,0,1,1,0,0,0,0,0,0,0,1
Fair_skin 4,0,0,1,0,0,1,1,0,0,0,0,0,0,0,1,0,0,0,0,0,1
Fair_skin 5,0,0,0,0,0,1,1,0,0,0,0,0,1,0,0,0,0,0,0,0,1
Fair_skin 6,0,0,0,0,0,1,1,0,0,0,0,0,1,0,0,0,0,0,0,0,1
Fair_skin 7,0,0,0,0,0,1,0,1,0,0,0,1,1,0,0,1,0,0,0,0,0
Fair_skin 8,0,0,0,1,0,1,0,0,0,0,0,1,1,0,0,1,0,0,0,0,0
Fair_skin 9,0,0,0,0,0,1,0,0,0,0,0,1,1,0,0,0,0,0,0,0,1
Fair_skin 10,0,0,0,0,1,1,1,0,0,0,0,0,1,0,0,0,0,0,0,0,0
Fair_skin 11,0,0,1,0,0,1,0,0,0,0,0,1,1,0,0,0,0,0,0,0,1
Fair_skin 12,0,0,0,0,0,1,0,0,0,0,0,1,1,0,0,0,0,0,0,0,1
Fair_skin 13,0,0,0,0,1,1,1,0,0,0,0,0,1,0,0,0,0,0,0,0,0
Fair_skin 14,0,0,0,0,1,1,0,0,0,0,0,1,1,0,0,0,0,0,0,0,0
Fair_skin 15,0,0,0,1,0,1,0,0,0,0,0,1,1,0,0,0,0,0,0,0,1
Fair_skin 16,0,0,0,1,0,1,1,1,0,0,0,0,1,0,0,0,0,0,0,0,0
Fair_skin 17,0,0,0,0,0,1,0,0,0,0,0,0,1,0,0,0,0,0,0,0,1
Fair_skin 18,0,0,0,0,0,1,0,0,0,0,0,1,1,0,0,0,0,0,0,0,1
Fair_skin 19,0,0,0,0,0,1,1,0,0,0,0,0,1,0,0,0,0,0,0,0,1
Fair_skin 20,0,0,1,0,0,1,1,0,0,0,0,0,0,0,1,0,0,0,0,0,1
Fair_skin 21,0,0,0,0,0,1,0,0,0,0,0,1,1,0,0,1,0,0,0,0,0
Fair_skin 22,0,0,0,0,0,1,1,0,0,0,0,0,1,0,0,1,0,0,0,0,0
Fair_skin 23,0,0,0,1,0,1,0,0,0,1,0,1,1,0,0,1,0,0,0,0,0
Fair_skin 24,0,0,0,1,0,1,1,0,0,0,1,0,0,0,1,1,0,0,0,0,0
Fair_skin 25,0,0,1,0,0,1,0,0,0,1,0,1,0,0,1,0,0,0,0,0,1
Fair_skin 26,0,0,0,0,0,1,0,0,0,0,0,1,1,0,0,1,0,0,0,0,0
Fair_skin 27,0,0,0,0,0,1,0,0,0,0,0,1,1,0,0,1,0,0,0,0,0
Fair_skin 28,0,0,0,1,0,1,0,0,0,0,1,1,0,0,1,0,0,0,0,0,1
Fair_skin 29,0,0,0,0,0,1,1,1,0,0,0,0,1,0,0,0,0,0,0,0,1
Fair_skin 30,0,0,0,0,0,1,0,0,0,0,0,1,1,0,0,0,0,0,0,0,1
Fair_skin 31,0,0,0,1,0,1,0,0,0,0,1,1,0,0,0,0,0,0,0,0,1
Fair_skin 32,0,0,0,0,0,1,0,0,0,0,0,1,1,0,0,1,0,0,0,0,0
Fair_skin 33,0,0,1,0,0,1,1,0,0,0,0,0,0,0,1,0,0,0,0,0,1
Fair_skin 34,0,0,0,0,0,1,0,0,0,0,0,1,1,0,0,1,0,0,0,0,0
Fair_skin 35,0,0,0,0,0,1,0,0,0,0,0,1,1,0,0,1,0,0,0,0,0
Fair_skin 36,0,0,1,1,0,1,0,0,0,0,0,1,0,0,1,0,0,0,0,0,1
Fair_skin 37,0,0,0,1,0,1,1,0,0,0,1,0,0,0,1,1,0,0,0,0,0
Fair_skin 38,0,0,0,1,0,1,0,0,0,0,1,1,0,0,1,0,0,0,0,0,1
Fair_skin 39,0,0,0,0,0,1,0,0,0,0,0,1,1,1,0,0,0,1,0,0,1
Fair_skin 40,0,0,0,0,1,1,0,1,0,0,1,1,0,0,0,0,0,0,0,0,0
Fair_skin 41,0,0,0,0,0,1,0,0,0,0,0,1,1,0,0,1,0,0,0,0,0
Fair_skin 42,0,0,0,0,0,1,0,0,0,1,0,1,1,0,0,0,0,0,0,0,1
Fair_skin 43,0,0,0,0,0,1,0,0,0,1,0,1,1,0,0,0,0,0,0,0,1
Fair_skin 44,0,0,0,0,0,1,0,0,0,0,0,1,1,0,0,1,0,0,0,0,0
Fair_skin 45,0,0,1,0,0,1,0,0,0,0,0,1,0,0,1,0,0,0,0,0,1
Fair_skin 46,0,0,0,1,0,1,1,0,0,0,0,0,1,0,0,0,0,0,0,0,1
Fair_skin 47,0,0,1,0,0,1,1,0,0,1,0,0,0,0,1,0,0,0,0,0,1
heart_face 1,0,0,0,1,0,1,1,0,0,1,1,0,0,0,1,0,0,0,0,0,0
heart_face 2,0,0,0,0,0,1,1,0,0,0,0,0,1,0,0,0,0,0,0,0,0
heart_face 3,0,0,0,0,0,1,1,0,0,1,0,0,1,0,0,0,0,0,0,0,0
heart_face 4,1,1,0,0,0,0,1,0,1,0,0,0,0,0,1,0,0,0,0,0,0
heart_face 5,0,0,0,0,0,1,1,0,0,0,0,0,1,0,0,0,0,0,0,0,0
heart_face 6,0,0,1,1,0,1,1,0,0,0,0,0,0,0,1,0,0,0,0,0,0
heart_face 7,0,0,0,0,0,1,1,0,0,0,1,0,0,0,1,0,0,0,0,0,0
heart_face 8,0,0,0,0,0,1,1,0,0,0,1,0,0,0,1,0,0,0,0,0,1
heart_face 9,0,0,0,0,0,1,1,0,0,0,1,0,0,0,1,0,0,0,0,0,0
heart_face 10,0,0,0,1,0,0,1,0,1,0,1,0,0,0,1,0,1,0,0,0,1
heart_face 11,0,0,0,1,0,1,1,0,0,0,1,0,0,0,1,0,0,0,0,0,0
heart_face 12,0,0,0,0,1,0,1,0,1,0,1,0,0,0,1,0,0,0,0,0,0
heart_face 13,0,0,0,1,1,1,1,0,1,0,0,0,1,1,0,0,0,0,0,0,0
heart_face 14,0,1,0,0,0,0,1,0,1,0,0,0,0,0,1,0,0,0,0,0,1
heart_face 15,0,0,0,1,0,1,1,0,0,0,1,0,0,0,1,0,0,0,0,0,0
heart_face 16,0,0,0,1,0,0,1,0,1,0,0,0,1,0,0,0,0,0,0,0,1
heart_face 17,0,0,0,1,1,0,1,0,1,0,0,0,1,0,0,0,0,0,0,0,0
heart_face 18,0,0,0,0,0,1,1,0,0,0,1,0,0,0,1,0,0,0,0,0,1
heart_face 19,0,0,0,0,0,1,1,0,0,0,0,0,1,0,0,0,0,0,0,0,1
heart_face 20,0,0,0,1,1,0,1,0,1,0,1,0,0,0,1,0,0,0,0,0,0
heart_face 21,0,0,1,0,1,1,1,0,0,1,0,0,0,0,0,0,0,0,1,0,0
heart_face 22,0,0,0,0,0,1,1,1,0,0,0,0,1,0,0,0,0,0,1,0,1
heart_face 23,0,0,0,0,0,1,1,1,0,0,0,0,1,0,0,0,0,0,0,0,1
heart_face 24,0,0,1,0,0,1,1,0,0,0,0,0,1,0,0,0,0,0,1,0,1
heart_face 25,0,0,0,0,1,1,1,0,0,0,0,0,1,0,0,0,0,0,0,0,1
heart_face 26,0,0,0,0,0,1,1,0,0,0,1,0,0,0,1,0,0,0,1,0,0
heart_face 27,0,0,0,0,0,1,1,1,0,0,0,0,0,0,1,0,0,0,1,0,1
heart_face 28,0,0,0,0,0,1,1,0,1,0,1,0,0,1,1,0,0,0,0,1,1
heart_face 29,0,0,0,1,0,0,1,0,0,0,0,0,1,1,0,0,0,0,0,0,0
heart_face 30,0,0,1,0,1,0,1,0,1,0,0,0,0,0,1,0,0,1,1,0,0
heart_face 31,0,0,0,0,0,0,1,0,1,0,0,0,0,0,0,0,0,0,0,0,1
heart_face 32,0,0,0,0,0,1,1,0,1,0,0,1,1,1,0,0,1,0,0,0,1
heart_face 33,0,0,0,0,0,0,1,0,0,0,0,0,0,0,0,0,0,0,0,0,0
heart_face 34,0,0,0,0,0,0,1,0,1,0,0,0,1,1,0,0,0,0,0,0,1
heart_face 35,0,0,0,0,0,0,1,0,1,0,0,0,1,1,0,0,0,0,0,0,1
heart_face 36,0,0,0,0,0,1,1,1,0,0,1,0,0,0,1,0,0,0,0,0,1
heart_face 37,0,0,0,0,0,1,1,0,0,0,0,0,1,0,0,0,1,0,0,0,1
heart_face 38,0,0,0,0,0,1,1,0,0,0,1,0,0,1,1,0,0,0,0,0,1
heart_face 39,0,0,1,1,0,1,1,0,0,0,0,0,0,0,1,0,0,0,0,0,1
heart_face 40,0,0,0,0,0,0,1,1,1,0,1,0,0,0,1,0,0,0,0,0,1
heart_face 41,0,0,0,1,0,1,1,0,0,0,1,0,0,0,1,0,0,0,0,0,1
heart_face 42,0,0,0,0,0,0,1,0,1,0,0,0,0,0,1,0,0,0,0,0,0
heart_face 43,0,0,0,1,0,0,1,0,1,0,1,0,0,0,1,0,0,0,0,0,0
heart_face 44,0,0,0,1,0,1,1,0,0,0,0,0,1,0,0,0,0,0,0,0,1
heart_face 45,0,0,0,1,0,1,1,1,0,0,0,0,1,0,0,0,0,0,0,0,1
heart_face 46,0,0,0,1,0,1,1,0,0,0,1,0,0,0,1,0,0,0,0,0,0
heart_face 47,0,0,0,0,0,1,1,0,0,0,0,0,1,0,0,0,0,0,0,0,1
heart_face 48,0,0,0,0,0,0,1,0,1,0,0,0,1,0,0,0,0,0,0,0,1
heart_face 49,0,0,0,0,1,1,1,0,0,0,1,0,0,0,1,0,0,0,0,0,1
heart_face 50,0,0,0,0,0,1,1,0,0,0,0,0,1,1,0,0,0,0,0,0,1
Indian 1,0,0,0,0,0,0,0,0,1,0,0,1,1,0,0,1,0,0,0,1,0
Indian 2,0,0,1,0,0,0,0,0,1,0,0,1,0,0,1,1,0,0,0,0,0
Indian 3,0,0,0,0,0,1,0,0,0,0,0,1,1,0,0,1,0,0,1,0,0
Indian 4,0,0,0,1,0,0,0,1,1,0,0,1,1,0,0,1,0,0,0,0,0
Indian 5,0,1,0,0,0,0,1,0,0,0,1,1,0,0,1,1,0,0,0,0,0
Indian 6,0,1,0,1,0,0,0,0,0,1,1,1,0,0,1,1,1,0,0,0,0
Indian 7,0,0,0,1,0,1,1,0,0,1,0,0,1,0,0,1,0,0,0,0,0
Indian 8,0,1,0,0,0,0,1,0,0,0,1,0,0,0,1,1,0,0,0,0,0
Indian 9,0,0,0,1,0,1,1,0,0,0,0,0,1,0,0,1,0,0,0,0,0
Indian 10,0,0,0,0,0,0,0,0,1,0,0,1,1,0,0,1,0,0,0,0,0
Indian 11,0,0,1,1,0,0,0,0,1,1,0,1,0,0,1,1,0,0,0,1,0
Indian 12,0,0,0,1,0,1,1,0,0,0,0,0,1,0,0,1,0,0,0,0,0
Indian 13,0,0,0,0,0,0,0,0,1,0,0,1,1,0,0,1,0,0,0,0,0
Indian 14,0,1,0,0,0,0,1,0,0,0,1,0,0,0,1,1,0,0,0,0,0
Indian 15,0,0,0,1,0,1,0,1,0,1,0,1,1,0,0,1,0,0,0,0,0
Indian 16,0,1,1,0,0,0,0,0,0,0,0,1,0,0,1,1,0,0,0,0,0
Indian 17,0,0,0,0,0,0,0,0,1,0,1,1,0,0,1,1,0,0,0,0,0
Indian 18,0,0,0,0,0,0,1,0,1,0,1,1,0,0,1,1,0,0,0,0,0
Indian 19,0,0,1,1,0,0,0,0,1,1,0,1,0,0,1,1,0,0,0,0,0
Indian 20,0,0,0,0,0,1,1,0,0,1,0,0,1,0,0,1,0,0,0,0,0
Indian 21,0,0,1,0,0,0,0,0,1,0,0,0,0,1,1,1,0,0,0,0,0
Indian 22,0,1,0,0,0,0,1,0,0,0,1,0,0,0,1,1,0,0,0,0,0
Indian 23,0,0,0,0,0,0,1,0,1,0,0,0,1,0,0,1,0,0,0,0,0
Indian 24,0,0,0,0,0,0,1,0,1,0,1,0,0,0,1,1,0,0,0,0,0
Indian 25,0,0,0,1,0,1,0,0,0,1,0,1,1,0,0,1,0,0,0,0,0
Indian 26,0,0,0,0,0,0,0,0,1,0,0,1,1,1,0,1,0,0,0,0,0
Indian 27,0,0,0,1,0,1,0,0,0,0,1,1,0,0,1,1,0,0,0,0,0
Indian 28,0,0,0,0,0,0,0,0,0,0,0,0,0,0,0,1,1,0,0,0,0
Indian 29,0,0,0,0,0,1,1,1,0,0,0,0,1,0,0,1,0,0,0,0,0
Indian 30,0,0,0,0,0,1,1,0,0,0,0,0,1,0,0,1,0,0,0,0,0
Indian 31,0,1,0,0,0,0,0,0,0,0,1,0,0,1,1,1,0,0,0,0,0
Indian 32,0,0,0,1,0,1,1,0,0,1,1,0,0,0,1,1,0,0,0,0,0
Indian 33,0,1,0,0,0,0,1,0,0,0,1,0,0,0,1,1,0,0,0,0,0
Indian 34,0,0,1,0,0,1,0,0,0,0,0,1,0,0,1,1,0,0,0,0,0
Indian 35,0,0,0,0,0,0,0,1,1,0,1,1,0,0,1,1,0,0,1,0,0
Indian 36,0,0,0,0,0,0,0,0,1,0,0,1,1,0,0,1,0,0,0,0,0
Indian 37,0,0,0,1,0,1,0,0,0,1,0,1,1,1,0,1,0,0,0,0,0
Indian 38,0,1,1,0,0,0,0,0,0,0,0,0,0,0,1,1,0,0,0,0,0
Indian 39,0,0,0,1,0,1,0,0,0,0,0,1,1,0,0,1,0,0,0,0,0
Indian 40,0,1,0,1,0,0,0,0,0,0,1,1,0,0,1,1,0,0,0,0,0
Indian 41,0,0,0,0,0,0,0,0,1,0,1,1,0,0,1,1,0,0,0,0,0
Indian 42,0,0,0,1,0,1,0,0,0,0,0,1,1,0,0,1,0,0,0,0,0
Indian 43,0,1,0,1,0,0,0,0,0,1,1,1,0,0,1,1,0,0,0,0,0
Indian 44,0,0,0,0,0,0,0,0,1,0,1,1,0,0,1,1,0,0,0,0,0
Indian 45,0,0,0,1,0,1,0,1,0,0,0,1,1,0,0,1,0,0,0,0,0
Indian 46,0,0,0,0,0,0,1,0,1,0,1,0,0,0,1,1,0,0,0,0,0
Indian 47,0,0,0,1,0,1,0,1,0,1,0,1,1,0,0,1,0,0,0,0,0
Indian 48,0,0,0,0,0,1,1,0,0,0,0,0,1,0,0,1,0,0,0,0,0
Indian 49,0,1,0,0,0,0,1,0,0,0,1,0,0,0,1,1,0,0,0,0,0
Indian 50,0,0,0,1,0,1,0,0,0,0,0,1,1,1,0,1,0,0,0,0,0
medium_skin 1,0,0,0,0,1,0,1,1,1,0,1,0,0,0,1,0,0,0,0,0,0
medium_skin 2,0,0,0,0,0,0,0,0,1,0,1,0,0,0,1,1,0,0,0,0,0
medium_skin 3,0,0,0,0,0,0,0,0,1,0,1,1,0,0,1,1,0,0,0,0,0
medium_skin 4,0,0,0,0,0,0,0,0,1,0,0,0,1,1,0,1,0,0,0,0,0
medium_skin 5,0,0,0,0,0,1,0,0,1,0,0,1,1,1,0,0,0,0,0,0,0
medium_skin 6,0,0,0,0,1,0,0,0,1,0,1,1,0,0,1,0,0,0,0,0,0
medium_skin 7,0,0,0,1,0,0,0,0,1,0,1,0,0,1,1,0,0,0,0,0,0
medium_skin 8,0,0,0,0,0,0,1,0,1,0,1,0,0,0,1,1,0,0,0,0,0
medium_skin 9,0,0,0,0,0,0,0,0,1,0,0,1,1,0,0,0,0,0,0,0,0
medium_skin 10,1,0,0,0,1,0,0,0,1,0,1,1,0,0,1,0,0,1,0,0,0
medium_skin 11,0,0,0,0,1,0,0,0,1,0,0,1,1,0,0,1,0,0,0,0,0
medium_skin 12,0,0,0,0,1,0,1,1,1,0,1,0,1,0,1,0,0,0,0,0,0
medium_skin 13,0,0,0,0,0,0,1,0,1,0,0,0,1,0,0,0,0,0,0,0,1
medium_skin 14,0,0,0,0,0,0,0,0,1,0,0,1,1,0,0,0,0,0,0,0,0
medium_skin 15,0,0,0,0,1,0,0,0,1,0,0,1,1,0,0,0,0,0,0,0,0
medium_skin 16,0,0,0,0,1,0,0,0,1,0,1,1,0,1,1,0,0,0,0,0,0
medium_skin 17,0,0,0,0,0,0,0,1,1,0,1,0,0,0,1,0,0,1,0,0,0
medium_skin 18,0,0,0,0,0,0,0,1,1,0,1,1,0,1,1,0,0,0,0,0,0
medium_skin 19,0,0,0,0,1,0,1,0,1,0,1,0,0,0,1,0,0,1,0,0,0
medium_skin 20,0,0,0,0,0,1,0,0,1,0,0,1,1,0,0,0,0,1,0,0,1
medium_skin 21,0,1,0,0,0,0,1,0,1,0,0,0,1,0,0,1,0,0,0,0,0
medium_skin 22,0,0,0,1,0,0,0,1,1,0,1,1,0,1,1,0,0,0,0,0,0
medium_skin 23,0,0,0,0,1,0,1,0,1,0,0,1,0,0,1,0,0,1,0,0,0
medium_skin 24,0,0,0,1,0,0,0,0,1,0,1,1,0,0,1,0,0,1,0,0,0
medium_skin 25,0,0,0,0,1,0,0,1,1,0,1,1,0,0,1,0,0,0,0,0,0
medium_skin 26,0,0,0,0,0,0,1,0,1,0,0,0,1,0,0,0,0,0,0,0,1
medium_skin 27,0,0,0,0,0,0,1,0,1,0,0,0,0,1,1,0,0,1,0,0,0
medium_skin 28,0,0,0,0,0,0,1,0,1,0,1,0,0,0,1,0,0,0,0,0,0
medium_skin 29,0,0,0,0,0,0,1,0,1,0,1,0,0,0,1,0,0,0,0,0,1
medium_skin 30,0,0,0,1,0,0,0,0,1,0,1,0,0,0,1,1,0,0,0,0,0
medium_skin 31,0,0,0,0,0,0,0,1,1,0,0,1,1,0,0,0,0,0,0,0,0
medium_skin 32,0,0,0,0,0,0,1,1,1,0,0,0,1,1,0,0,0,0,0,0,0
medium_skin 33,0,0,0,0,0,0,0,0,1,0,1,1,1,0,1,1,0,0,0,0,0
medium_skin 34,0,0,0,0,0,0,0,0,1,0,0,1,0,1,1,0,0,0,0,1,0
medium_skin 35,0,0,0,0,1,0,1,0,1,0,0,0,1,0,0,0,0,0,0,0,0
medium_skin 36,0,0,0,0,0,1,1,0,1,0,0,0,1,0,0,0,0,0,0,0,0
medium_skin 37,0,0,0,0,0,1,0,0,1,0,0,1,1,0,0,0,0,0,0,0,0
medium_skin 38,0,0,0,0,1,0,0,0,1,1,1,1,0,0,1,0,0,1,0,0,0
medium_skin 39,0,0,1,1,0,0,1,0,1,0,0,0,1,0,0,0,0,0,0,0,0
medium_skin 40,0,0,0,0,0,0,1,0,1,0,0,0,1,1,0,1,0,0,0,0,0
medium_skin 41,0,1,0,1,1,0,0,0,1,1,1,1,1,0,1,0,0,0,0,0,0
medium_skin 42,0,0,0,0,1,0,0,1,1,0,1,1,0,0,1,0,0,0,0,0,0
medium_skin 43,0,0,0,1,0,0,0,0,1,0,0,1,1,0,0,0,0,0,0,0,0
medium_skin 44,0,0,0,0,0,0,1,0,1,0,1,0,0,0,1,0,0,0,0,0,1
medium_skin 45,0,0,0,0,0,0,1,0,1,0,0,0,1,0,0,0,0,0,0,0,0
medium_skin 46,0,0,0,0,0,0,0,0,1,0,0,0,1,0,0,0,0,0,0,0,0
oval_face 1,0,0,0,1,0,1,0,0,0,0,0,1,1,0,0,0,0,0,0,0,0
oval_face 2,0,0,0,0,0,1,0,0,0,0,0,1,1,0,0,0,0,0,0,0,1
oval_face 3,0,0,0,1,0,0,0,0,1,0,0,1,1,0,0,0,0,0,0,0,0
oval_face 4,0,0,0,1,0,1,0,0,0,0,1,1,0,1,1,0,0,0,0,0,0
oval_face 5,0,0,0,0,0,1,0,0,0,0,1,1,0,0,1,0,0,0,0,0,1
oval_face 6,0,0,0,0,0,1,0,0,0,0,0,1,1,0,0,0,0,0,0,0,1
oval_face 7,0,0,0,0,0,1,0,0,0,0,0,1,1,0,0,0,0,0,0,0,1
oval_face 8,1,0,0,1,0,1,0,0,1,0,0,1,1,0,1,0,0,0,0,0,0
oval_face 9,0,0,0,0,0,1,0,0,0,0,0,1,1,0,0,0,0,0,1,0,1
oval_face 10,0,0,0,0,0,1,0,0,0,0,0,1,1,0,0,0,0,0,0,0,1
oval_face 11,0,1,0,1,0,0,0,0,1,0,0,1,1,0,0,1,1,0,0,0,0
oval_face 12,0,0,0,0,0,1,0,0,0,0,0,1,1,0,0,0,0,0,0,0,0
oval_face 13,0,0,0,1,0,1,1,0,0,0,0,1,1,0,0,0,0,0,0,0,1
oval_face 14,0,0,0,0,0,1,0,0,0,0,0,1,1,0,0,0,0,0,1,0,1
oval_face 15,0,0,0,0,0,1,0,1,0,0,1,1,0,0,1,0,0,0,0,0,1
oval_face 16,0,0,0,1,0,0,0,0,1,0,0,1,1,0,0,0,0,0,0,0,0
oval_face 17,0,0,0,0,0,1,0,0,0,0,0,1,1,0,0,0,0,0,0,0,1
oval_face 18,0,0,0,0,0,1,0,1,0,0,1,1,0,0,1,0,0,0,0,0,1
oval_face 19,0,0,0,1,0,1,0,0,0,0,1,1,0,0,1,0,0,0,0,0,1
oval_face 20,0,0,1,0,0,0,0,0,1,0,0,1,1,0,0,0,0,0,0,0,1
oval_face 21,0,0,0,1,1,0,1,0,1,0,0,1,1,0,0,0,0,0,0,0,0
oval_face 22,0,0,0,0,1,1,0,0,1,0,1,1,0,0,1,0,0,0,0,0,1
oval_face 23,0,0,0,0,0,1,0,0,0,0,1,1,1,0,1,0,0,0,0,0,1
oval_face 24,0,0,1,0,0,0,0,0,1,0,0,1,0,0,1,0,0,0,0,0,1
oval_face 25,0,1,0,0,0,0,0,0,0,1,1,1,0,0,1,0,0,0,0,0,0
oval_face 26,0,0,0,0,0,1,0,0,0,0,1,1,0,0,1,1,0,0,0,0,0
oval_face 27,0,0,0,1,0,1,0,1,0,1,0,1,1,0,0,0,0,0,0,0,0
oval_face 28,0,0,0,0,0,1,0,0,0,1,1,1,0,0,1,0,0,0,0,0,1
oval_face 29,0,0,0,1,0,0,0,0,1,0,1,1,1,0,1,0,0,0,0,0,1
oval_face 30,1,0,0,0,0,1,0,0,0,0,0,1,1,0,1,0,0,1,0,0,1
oval_face 31,0,0,0,0,0,1,0,0,0,0,1,1,0,0,1,0,0,0,0,0,1
oval_face 32,0,1,0,1,1,0,0,0,1,0,0,1,1,0,0,0,0,0,0,0,0
oval_face 33,0,0,0,1,0,1,0,0,0,0,1,1,1,0,1,0,0,0,0,0,1
oval_face 34,0,0,0,1,1,1,0,0,0,0,1,1,1,0,0,0,0,0,0,0,1
oval_face 35,0,1,0,0,0,0,0,0,0,1,1,1,0,0,1,0,0,0,0,0,0
oval_face 36,0,0,1,0,0,1,0,0,0,0,1,1,0,0,1,0,0,0,0,0,1
oval_face 37,0,0,1,0,0,0,0,0,1,0,0,1,1,0,0,0,0,0,1,0,0
oval_face 38,0,0,1,1,0,0,0,0,1,0,0,1,1,0,0,0,0,0,0,0,0
oval_face 39,0,0,0,0,0,1,0,0,0,0,0,1,1,0,0,0,0,0,0,0,1
oval_face 40,0,0,1,0,1,1,0,0,1,0,0,1,1,0,0,0,0,0,0,0,0
oval_face 41,0,0,0,0,0,1,0,0,0,1,1,1,1,0,0,0,0,0,0,0,1
oval_face 42,0,1,0,0,0,0,0,0,0,0,1,1,0,0,1,0,0,0,0,0,0
oval_face 43,0,0,0,0,0,0,0,0,1,1,1,1,0,0,1,0,0,0,0,0,0
oval_face 44,0,1,0,0,0,0,0,0,1,0,0,1,1,0,0,0,0,0,0,0,0
oval_face 45,0,0,0,1,0,1,0,0,0,0,0,1,1,0,0,0,0,0,0,0,0
oval_face 46,0,0,0,0,0,1,0,0,0,0,0,1,1,0,0,0,0,0,0,0,0
oval_face 47,0,0,0,0,0,1,0,0,0,0,0,1,1,0,0,0,0,0,0,0,0
oval_face 48,0,0,0,0,0,1,0,0,0,0,0,1,1,1,0,0,0,0,1,0,0
oval_face 49,0,0,0,1,0,1,0,1,0,0,0,1,1,0,0,0,0,0,0,0,0
oval_face 50,0,0,0,0,0,1,0,0,0,0,0,1,1,0,0,0,0,0,0,0,0
resistive skin 1,0,0,0,0,0,1,1,0,0,0,0,0,1,0,0,0,0,0,0,0,1
resistive skin 2,0,0,0,0,0,1,1,0,0,0,0,0,1,0,0,1,0,0,0,0,0
resistive skin 3,0,0,0,0,0,0,1,0,1,0,1,0,1,0,0,1,0,0,0,0,0
resistive skin 4,0,0,0,0,0,1,0,0,0,0,1,1,1,0,0,0,0,0,0,0,1
resistive skin 5,0,0,0,0,0,1,0,0,0,0,1,1,1,0,1,0,0,0,0,0,1
resistive skin 6,0,0,0,0,0,0,1,0,1,0,0,0,1,0,0,1,0,0,0,0,0
resistive skin 7,0,0,0,0,0,0,1,1,1,0,1,0,1,0,0,1,0,0,0,0,0
resistive skin 8,0,0,0,0,0,1,0,1,0,0,1,0,1,0,0,1,0,0,0,0,0
resistive skin 9,0,0,0,0,0,1,1,0,0,0,0,0,1,0,0,1,0,0,0,0,0
resistive skin 10,0,0,0,0,0,1,1,0,0,0,0,0,1,0,0,1,0,0,0,0,0
resistive skin 11,0,0,0,0,0,1,0,0,0,0,0,0,1,1,0,0,0,0,0,0,1
resistive skin 12,0,0,0,0,0,1,1,0,0,0,0,0,1,0,0,1,0,0,0,0,0
resistive skin 13,0,0,0,0,0,1,0,0,0,0,0,1,1,0,0,1,0,0,0,0,0
resistive skin 14,0,0,0,0,0,0,0,0,1,0,1,0,1,0,0,1,0,0,0,0,0
resistive skin 15,0,0,0,0,0,1,0,0,0,0,0,0,1,0,0,0,0,0,0,0,1
resistive skin 16,0,0,0,0,0,1,0,0,0,0,0,1,1,0,0,0,0,0,0,0,1
resistive skin 17,0,0,0,1,0,0,0,0,1,0,0,0,1,1,0,1,0,0,0,0,0
resistive skin 18,0,0,0,0,0,1,0,0,0,0,1,0,1,1,0,0,0,0,0,0,1
resistive skin 19,0,0,0,0,1,1,0,0,0,0,0,1,1,0,0,0,0,0,0,0,0
resistive skin 20,0,0,0,0,0,0,0,0,1,0,1,0,1,1,0,0,0,0,0,0,0
sensitive skin 1,0,0,0,0,0,1,0,0,0,0,0,1,0,0,1,0,0,1,0,0,0
sensitive skin 2,1,0,0,0,0,1,0,0,0,0,1,1,0,0,1,0,0,0,0,0,1
sensitive skin 3,0,0,0,1,1,1,0,0,0,0,0,1,0,0,1,0,0,0,0,0,0
sensitive skin 4,0,0,1,0,0,1,0,1,0,0,0,0,0,0,1,0,0,0,0,0,1
sensitive skin 5,0,0,1,0,0,1,0,1,0,0,0,0,0,0,1,0,0,0,0,0,1
sensitive skin 6,0,0,1,0,0,0,0,0,1,0,0,0,0,0,1,1,0,0,0,0,0
sensitive skin 7,0,1,0,0,0,0,0,0,0,0,0,1,0,0,1,1,0,1,0,0,0
sensitive skin 8,0,0,0,1,1,1,1,0,0,0,0,0,0,0,1,0,0,1,0,0,0
sensitive skin 9,0,0,1,0,0,1,0,0,0,0,0,1,0,0,1,0,0,1,0,0,1
sensitive skin 10,0,0,1,1,0,1,0,0,0,0,0,0,0,0,1,1,0,1,0,0,0
sensitive skin 11,0,0,0,0,0,1,0,0,0,0,0,0,0,1,1,0,0,1,0,0,1
sensitive skin 12,1,0,0,0,0,1,0,0,0,0,1,1,0,0,1,0,0,0,0,0,1
sensitive skin 13,0,0,1,1,0,1,0,0,0,0,0,0,0,0,1,0,0,1,0,0,1
sensitive skin 14,0,0,0,0,0,1,0,0,0,0,0,1,0,0,1,0,0,0,0,0,1
sensitive skin 15,0,0,1,0,0,1,0,0,0,0,0,1,0,1,1,0,0,0,0,0,1
sensitive skin 16,0,0,0,0,0,1,0,0,0,0,0,0,0,1,1,1,0,0,0,0,0
sensitive skin 17,0,0,1,0,0,1,0,0,0,1,0,0,0,1,1,0,0,0,0,0,1
sensitive skin 18,0,0,0,0,0,0,0,0,1,0,1,1,0,0,1,1,0,0,0,0,0
sensitive skin 19,1,0,0,0,0,0,1,0,1,0,0,0,0,0,1,1,0,1,0,0,0
sensitive skin 20,0,0,0,1,0,1,0,0,0,0,0,1,0,0,1,0,0,0,0,0,1
sensitive skin 21,0,0,0,0,0,0,0,0,1,0,1,1,0,0,1,1,0,0,0,0,0
sensitive skin 22,0,0,0,1,0,1,0,0,0,1,1,1,0,0,1,0,0,0,0,0,1
sensitive skin 23,0,0,1,0,1,0,0,0,1,0,0,0,0,0,1,0,0,0,0,0,0
sensitive skin 24,0,0,0,1,0,1,0,0,0,0,0,0,0,0,1,0,0,0,0,0,1
sensitive skin 25,0,0,1,0,0,1,0,0,0,0,0,0,0,0,1,0,0,0,0,0,1
sensitive skin 26,0,0,0,0,0,1,1,1,0,0,0,0,0,0,1,0,0,1,0,0,1
sensitive skin 27,1,0,0,0,0,1,0,0,0,0,1,1,0,0,1,0,0,0,0,0,1
sensitive skin 28,0,0,0,1,0,0,0,0,1,1,1,1,0,0,1,1,0,1,0,0,1
sensitive skin 29,0,0,1,0,0,0,1,0,1,0,0,0,0,0,1,0,0,0,0,0,1
sensitive skin 30,0,0,0,0,0,1,0,0,0,0,1,1,0,0,1,0,0,0,0,0,1
sensitive skin 31,1,0,1,0,0,0,0,0,1,0,0,1,0,0,1,1,0,1,0,0,0
sensitive skin 32,0,0,1,0,1,1,0,0,0,0,0,1,0,0,1,0,0,1,0,0,0
sensitive skin 33,0,0,1,0,0,0,0,0,1,0,0,0,0,0,1,0,0,0,0,0,0
sensitive skin 34,1,0,1,0,0,0,0,0,1,0,1,1,0,0,1,1,0,0,0,0,0
sensitive skin 35,0,0,0,1,0,1,0,0,0,0,1,1,0,0,1,0,0,1,0,0,1
sensitive skin 36,0,0,1,0,0,1,0,0,0,0,0,1,0,0,1,1,0,0,0,0,0
sensitive skin 37,1,0,1,0,1,1,0,0,0,0,0,0,0,1,1,0,0,1,0,0,0
sensitive skin 38,1,0,0,1,0,1,0,0,0,0,0,1,0,0,1,0,0,1,0,0,1
sensitive skin 39,1,1,0,0,0,0,0,0,0,1,1,0,0,1,1,1,0,1,0,0,0
sensitive skin 40,0,0,1,0,0,1,0,1,0,0,0,0,0,0,1,0,0,0,0,0,1
sensitive skin 41,1,0,1,0,1,1,0,0,0,0,1,0,0,0,1,0,0,0,0,0,0
sensitive skin 42,0,0,0,0,0,1,1,0,0,0,0,0,0,0,1,1,0,0,0,0,0
sensitive skin 43,0,0,0,0,0,1,1,0,0,0,0,0,0,0,1,0,0,0,0,0,1
sensitive skin 44,0,0,1,0,0,1,0,1,0,0,0,0,0,0,1,1,0,0,0,0,0
sensitive skin 45,1,0,0,0,0,1,0,0,0,0,0,0,0,1,1,1,0,0,0,0,0
sensitive skin 46,0,0,0,0,0,0,0,0,1,0,1,1,0,0,1,1,0,0,0,0,0
sensitive skin 47,0,0,1,0,0,1,0,0,0,0,1,1,0,0,1,0,0,0,0,0,1
sensitive skin 48,0,0,0,0,0,1,0,0,0,0,1,1,0,0,1,0,0,0,0,0,1
sensitive skin 49,0,0,0,0,0,1,0,0,0,0,1,1,0,0,1,0,0,1,0,0,1
sensitive skin 50,1,0,1,0,0,1,0,0,0,0,0,1,0,0,1,1,0,1,0,0,0
sensitive skin 51,1,0,1,1,0,1,1,0,0,0,0,0,0,0,1,0,0,1,0,0,1
sensitive skin 52,0,0,1,0,0,1,1,0,0,0,0,0,0,0,1,0,0,0,0,0,1
sensitive skin 53,1,0,1,0,0,1,0,0,0,0,0,0,0,1,1,0,0,1,0,0,1
sensitive skin 54,1,0,0,0,0,1,0,0,0,0,1,1,0,1,1,0,0,1,0,0,1
sensitive skin 55,1,0,0,0,0,1,0,0,0,0,0,1,0,0,1,0,0,1,0,0,1
sensitive skin 56,0,0,1,0,0,1,0,0,0,0,0,1,0,0,1,0,0,0,0,0,1
sensitive skin 57,1,0,1,0,0,0,0,0,1,0,0,0,0,1,1,0,0,1,0,0,1
sensitive skin 58,1,0,1,0,0,1,0,1,0,0,0,0,0,0,1,0,0,1,0,0,1
sensitive skin 59,1,0,1,0,0,1,0,1,0,0,0,0,0,0,1,0,0,1,0,0,1
visible_pores 1,0,0,1,0,0,1,0,0,0,0,0,0,0,0,1,0,0,1,0,0,0
visible_pores 2,0,0,0,1,0,1,0,1,0,0,0,0,0,0,1,1,0,1,0,0,0
visible_pores 3,0,0,1,0,0,1,0,0,0,0,0,0,0,0,1,0,0,1,0,0,1
visible_pores 4,0,0,0,0,0,1,0,0,0,0,0,0,0,0,1,0,0,1,0,0,1
visible_pores 5,0,0,1,0,0,1,0,0,0,0,0,0,0,0,1,0,0,1,0,0,1
visible_pores 6,0,0,1,0,0,1,0,1,0,0,0,0,0,0,1,0,0,1,0,0,1
visible_pores 7,0,1,0,0,0,0,0,0,0,0,0,1,0,1,1,1,0,1,0,0,0
visible_pores 8,0,0,0,1,0,1,0,1,0,0,0,1,0,0,1,0,0,1,0,0,1
visible_pores 9,0,0,1,0,1,1,0,0,0,0,0,0,0,0,1,0,0,1,0,0,0
visible_pores 10,0,0,1,0,1,1,0,0,0,0,0,1,0,0,1,0,0,1,0,0,0
visible_pores 11,0,0,0,0,0,1,0,1,0,0,0,0,0,0,1,1,0,1,0,0,0
visible_pores 12,0,0,1,0,0,1,0,1,0,0,0,0,0,0,1,0,0,1,0,0,1
visible_pores 13,0,0,1,0,0,1,0,0,0,0,0,0,0,0,1,0,0,1,0,0,1
visible_pores 14,0,0,0,1,0,1,0,0,0,0,0,0,0,0,1,0,0,1,0,0,1
visible_pores 15,0,0,0,0,0,1,0,0,0,0,1,0,0,0,1,0,0,1,0,0,1
visible_pores 16,0,0,0,0,1,1,0,1,0,0,0,0,0,1,1,0,0,1,0,0,0
visible_pores 17,0,0,0,1,0,1,0,0,0,0,0,1,0,1,1,0,0,1,0,0,1
visible_pores 18,0,0,1,0,0,1,0,0,0,0,0,0,0,1,1,0,0,1,0,0,1
visible_pores 19,1,0,0,0,0,1,1,0,0,0,0,0,0,1,1,0,0,1,0,0,1
visible_pores 20,0,0,0,0,1,1,0,1,1,0,0,0,0,0,1,0,0,1,0,0,0
visible_pores 21,0,0,0,1,0,1,0,1,1,0,0,0,0,0,1,0,0,1,0,0,0
visible_pores 22,0,0,0,0,1,1,0,1,0,0,0,0,0,0,1,0,0,1,0,0,1
visible_pores 23,0,0,0,0,0,0,0,0,1,0,0,1,0,0,1,1,0,1,0,0,0
visible_pores 24,0,0,0,0,0,1,1,0,0,0,0,0,0,0,1,0,0,1,0,0,1
visible_pores 25,0,0,1,0,0,0,1,0,1,0,0,0,0,0,1,1,0,1,0,0,0
visible_pores 26,0,0,0,0,0,1,0,0,0,0,0,0,0,0,1,0,0,1,0,0,1
visible_pores 27,0,0,0,0,1,0,0,1,1,0,0,0,0,0,1,0,0,1,0,0,0
visible_pores 28,0,0,0,0,0,1,0,0,0,0,0,0,0,0,1,0,0,1,0,0,1
visible_pores 29,0,0,1,0,0,1,0,0,0,0,0,0,0,1,1,0,0,1,0,0,1
visible_pores 30,0,0,0,0,0,1,0,1,0,0,1,0,0,0,1,0,0,1,0,0,1
visible_pores 31,0,0,1,0,0,1,0,0,0,0,0,0,0,0,1,1,0,1,0,0,0
visible_pores 32,0,0,1,0,0,1,0,0,0,0,0,1,0,0,1,0,0,1,0,0,1
visible_pores 33,0,1,1,0,0,0,0,0,0,0,0,0,0,0,1,1,0,1,0,0,0
visible_pores 34,0,0,0,0,0,1,0,0,0,0,0,0,0,0,1,0,0,1,0,0,1
visible_pores 35,0,0,0,0,0,1,0,0,0,0,0,0,0,0,1,1,0,1,0,0,0
visible_pores 36,0,0,0,0,0,1,0,0,0,0,0,1,0,0,1,1,0,1,0,0,0
visible_pores 37,0,0,1,0,0,1,0,0,0,0,0,0,0,0,1,0,0,1,0,0,1
visible_pores 38,0,0,1,0,0,1,0,0,0,0,0,1,0,0,1,1,0,1,0,0,0
visible_pores 39,0,0,1,0,0,1,0,0,0,0,0,0,0,0,1,1,0,1,0,0,0
visible_pores 40,0,0,1,0,1,1,0,1,0,0,0,0,0,0,1,0,0,1,0,0,0
visible_pores 41,0,0,1,0,0,1,0,0,0,0,0,0,0,0,1,0,0,1,0,0,1
visible_pores 42,0,0,0,0,0,1,0,0,0,0,0,0,0,1,1,1,0,1,0,0,0
visible_pores 43,0,0,0,0,0,1,0,0,0,0,0,0,0,0,1,0,0,1,0,0,1
visible_pores 44,0,0,0,1,0,1,0,0,0,0,0,0,0,1,1,0,0,1,0,0,1
visible_pores 45,0,0,0,0,0,1,0,1,0,0,1,0,0,0,1,0,0,1,0,0,1
visible_pores 46,1,0,1,0,0,1,0,1,0,0,0,1,0,0,0,1,0,1,0,0,0
visible_pores 47,0,0,1,0,0,1,0,1,0,0,0,0,0,0,1,1,0,1,0,0,0
visible_pores 48,0,0,1,0,0,1,0,1,0,0,0,0,0,1,1,1,0,1,0,0,0
visible_pores 49,0,1,1,0,0,0,0,0,0,0,0,0,0,0,1,0,0,1,0,0,1
visible pores 50,1,0,0,0,0,1,0,0,0,0,1,0,0,1,1,0,0,1,0,0,0
visible_pores 51,0,0,0,0,1,0,0,1,1,0,1,0,0,0,1,0,0,1,0,0,0
visible_pores 52,1,0,0,0,0,1,0,0,0,1,0,0,0,1,1,1,0,1,0,0,0
with_goggles 1,0,0,0,0,0,1,1,0,0,0,0,0,1,0,0,1,0,1,0,1,0
with_goggles 2,0,0,0,0,0,1,0,0,0,0,0,1,1,0,0,0,0,0,0,1,1
with_goggles 3,0,0,0,0,1,1,0,0,0,0,0,1,1,0,0,0,0,0,0,1,0
with_goggles 4,0,0,0,0,0,1,0,0,0,0,0,1,1,0,0,0,0,0,0,1,1
with_goggles 5,0,0,0,0,0,1,1,0,0,0,0,0,1,0,0,0,0,0,0,1,1
with_goggles 6,0,0,0,0,0,1,1,0,0,0,0,0,1,0,0,0,0,0,0,1,1
with_goggles 7,0,0,0,0,0,1,1,0,0,0,0,0,1,0,0,1,0,0,0,1,0
with_goggles 8,0,0,0,0,0,1,1,0,0,0,0,0,1,0,0,0,0,0,0,1,1
with_goggles 9,0,0,0,0,0,1,1,1,0,0,0,0,1,0,0,0,0,0,0,1,1
with_goggles 10,0,0,0,1,0,0,1,0,1,0,0,0,1,0,0,1,0,0,0,1,0
with_goggles 11,0,0,0,0,0,1,1,1,0,0,0,0,1,0,0,0,0,0,0,1,1
with_goggles 12,0,0,0,0,0,1,1,1,0,0,1,0,1,1,0,0,0,0,0,1,1
with_goggles 13,0,0,0,0,0,1,1,1,0,0,0,0,1,0,0,0,0,0,0,1,1
with_goggles 14,0,0,0,0,0,1,0,0,0,1,0,1,1,0,0,0,0,0,0,1,1
with_goggles 15,0,0,0,0,0,1,0,0,0,0,0,1,1,0,0,1,0,0,0,1,0
with_goggles 16,0,0,0,0,0,1,0,0,0,0,0,1,1,0,0,1,0,0,0,1,0
with_goggles 17,0,0,0,1,0,1,0,1,0,1,0,1,1,1,0,0,0,0,0,1,0
with_goggles 18,0,0,0,0,0,1,1,0,0,0,0,0,1,1,0,0,0,0,0,1,1
with_goggles 19,0,0,0,0,0,1,0,0,0,0,1,1,1,0,0,1,0,0,0,1,0
with_goggles 20,0,0,0,1,1,1,0,0,0,1,0,1,1,1,0,0,0,0,0,1,0
with_goggles 21,0,0,0,0,0,1,0,0,0,1,1,1,1,0,0,0,0,0,0,1,1
with_goggles 22,0,0,0,1,1,1,0,1,0,0,0,1,1,1,0,0,0,0,0,1,0
with_goggles 23,0,0,0,1,0,1,0,1,0,0,0,1,1,0,0,0,0,0,0,1,1
with_goggles 24,0,0,0,1,0,1,1,0,0,0,0,0,1,1,0,0,0,0,0,1,1
with_goggles 25,0,0,0,0,0,1,0,0,0,0,0,1,1,0,0,0,0,0,0,1,1
with_goggles 26,0,0,0,0,0,1,0,0,0,0,0,0,1,1,0,0,0,0,0,1,1
with_goggles 27,0,0,0,0,0,1,0,1,0,0,0,0,1,0,0,0,0,0,0,1,1
with_goggles 28,0,0,0,0,0,1,0,0,0,0,0,0,1,1,0,0,0,0,0,1,1
with_goggles 29,0,0,0,0,0,1,1,1,0,0,0,0,1,1,0,0,0,0,0,1,1
with_goggles 30,0,0,0,0,0,1,0,0,0,0,0,0,1,1,0,0,0,0,0,1,1
with_goggles 31,0,0,0,0,0,1,0,0,0,0,0,1,1,0,0,0,0,0,0,1,1
with_goggles 32,0,0,0,0,0,1,1,0,0,0,0,0,1,1,0,0,0,0,0,1,1
with_goggles 33,0,0,0,0,0,1,0,0,0,0,0,0,1,1,0,0,0,0,0,1,1
with_goggles 34,0,0,0,0,0,1,1,0,0,0,0,0,1,1,0,0,0,0,0,1,1
with_goggles 35,0,1,0,1,0,1,1,0,0,0,0,0,1,0,0,1,1,0,0,1,0
with_goggles 36,0,1,0,0,0,0,1,0,0,0,0,0,1,1,0,1,0,0,0,1,0
with_goggles 37,0,0,0,0,0,1,0,0,0,0,0,0,1,1,0,0,0,0,0,1,1
with_goggles 38,0,0,0,0,0,1,0,0,0,0,1,0,1,0,0,0,0,0,0,1,1
with_goggles 39,0,0,0,0,0,1,0,0,0,0,0,0,1,0,0,0,0,0,0,1,1
with_goggles 40,0,0,0,0,0,1,1,1,0,0,0,0,1,0,0,0,0,0,0,1,1
with_goggles 41,0,0,0,0,0,1,0,0,0,0,0,0,1,1,0,0,0,0,0,1,1
with_goggles 42,0,0,0,0,0,1,0,0,0,0,0,1,1,0,0,0,0,0,0,1,1
with_goggles 43,0,0,0,1,0,1,0,0,0,0,0,0,1,0,0,0,0,0,0,1,1
with_goggles 44,0,0,0,0,0,1,1,0,0,0,0,0,1,0,0,0,0,0,0,1,1
with_goggles 45,0,0,0,0,0,1,1,0,0,0,0,0,1,1,0,1,0,0,0,1,0
with_goggles 46,0,0,0,1,0,1,0,0,0,0,0,0,1,1,0,0,0,0,0,1,1
with_goggles 47,0,0,0,0,0,1,1,0,0,0,0,0,1,0,0,0,0,0,0,1,1
with_goggles 48,0,0,0,0,0,1,1,1,0,1,0,0,1,0,0,0,0,0,0,1,1
with_goggles 49,0,0,0,0,0,1,0,0,0,0,0,1,1,0,0,0,0,0,0,1,1
with_goggles 50,0,0,0,0,0,1,1,0,0,0,0,0,1,0,0,0,0,0,0,1,1
necklace 1,0,0,0,0,0,0,0,0,1,1,0,1,1,0,0,1,0,0,0,0,0
necklace 2,0,0,0,1,0,0,0,0,1,1,1,1,0,0,1,1,0,0,0,0,0
necklace 3,0,0,0,0,0,1,0,0,0,1,0,1,1,0,0,0,0,0,0,0,1
necklace 4,0,0,0,0,0,1,0,0,0,1,0,0,1,1,0,1,0,0,0,0,0
necklace 5,0,0,0,0,0,0,0,1,1,1,0,1,1,0,0,1,0,0,0,0,0
necklace 6,0,0,0,0,1,1,1,0,0,1,0,0,0,0,0,1,0,0,0,0,0
necklace 7,0,0,0,0,0,1,1,0,0,1,0,0,1,0,0,1,0,0,0,0,0
necklace 8,0,0,0,0,1,0,0,1,0,1,0,0,1,0,0,1,0,0,0,0,0
necklace 9,0,0,0,1,0,1,1,0,0,1,0,0,1,1,0,1,0,0,0,0,0
necklace 10,0,0,0,0,0,1,1,0,0,1,0,0,1,0,0,0,0,0,0,0,1
necklace 11,0,0,0,0,0,1,0,0,0,1,0,1,1,0,0,0,0,0,0,0,1
necklace 12,0,0,0,1,0,1,1,0,0,1,0,0,1,1,0,1,0,0,0,0,0
necklace 13,0,0,0,1,0,1,0,0,0,1,0,1,1,0,0,0,0,0,0,0,1
necklace 14,0,0,0,1,0,1,0,1,0,1,0,1,1,0,0,0,0,0,0,0,1
necklace 15,0,1,0,1,0,0,0,0,0,1,0,1,1,0,0,1,0,0,0,0,0
necklace 16,0,0,0,0,0,1,0,0,0,1,0,1,1,0,0,0,0,0,0,0,1
necklace 17,0,0,0,1,0,1,0,0,0,1,0,1,1,0,0,0,0,0,0,0,1
necklace 18,0,0,0,1,0,1,1,0,0,1,1,1,0,0,1,1,0,0,0,0,0
necklace 19,0,0,0,1,0,1,1,0,0,1,0,1,1,0,0,0,0,0,0,0,1
necklace 20,0,0,0,0,0,1,0,0,0,1,0,1,1,0,0,0,0,0,0,0,1
necklace 21,0,0,0,0,0,1,1,0,0,1,0,0,1,1,0,0,0,0,0,0,1
necklace 22,0,0,0,1,0,0,0,0,0,1,0,1,1,0,0,1,0,0,0,0,0
necklace 23,0,0,1,0,0,0,0,0,0,1,0,1,1,0,0,0,0,0,0,0,1
necklace 24,0,0,0,1,0,1,0,0,0,1,1,0,0,1,1,0,0,0,0,0,1
necklace 25,0,0,0,0,1,0,0,0,1,1,0,1,1,0,0,0,0,0,0,0,0
necklace 26,0,1,0,1,0,0,0,1,0,1,0,1,1,0,0,0,0,0,0,0,0
necklace 27,0,0,0,0,0,1,0,0,0,1,0,1,0,0,0,0,0,0,0,0,1
necklace 28,0,0,1,0,0,0,0,0,1,1,0,1,0,0,1,1,0,1,0,0,0
necklace 30,0,1,1,1,0,0,1,0,0,1,0,0,0,0,1,0,0,0,0,0,0
necklace 31,0,0,0,0,0,1,0,0,0,1,0,1,1,0,0,0,0,0,0,0,1
necklace 32,0,0,0,1,0,1,1,0,0,1,0,0,1,0,0,0,0,0,0,0,1
necklace 33,0,0,0,0,0,1,0,0,0,1,1,1,0,0,1,0,0,0,0,0,1
necklace 34,0,0,0,1,0,1,0,1,0,1,0,0,1,0,0,0,0,0,0,0,1
necklace 35,0,0,0,0,0,1,0,0,0,1,1,1,0,0,1,0,0,0,0,0,1
necklace 36,0,0,0,0,0,0,0,0,1,1,1,1,0,0,1,1,0,0,0,0,0
necklace 37,0,0,0,0,0,1,0,0,0,1,1,1,0,0,1,0,0,0,0,0,1
necklace 38,0,0,0,0,0,0,1,0,1,1,0,0,1,0,0,1,0,0,0,0,0
necklace 39,0,0,0,1,0,1,0,0,0,1,0,0,1,0,0,1,0,0,0,0,0
necklace 40,0,0,0,0,0,1,0,1,0,1,1,1,0,0,1,1,0,0,0,0,0
necklace 41,0,0,0,1,0,1,0,0,0,1,1,1,0,0,1,0,0,0,0,0,1
necklace 42,0,0,0,0,0,1,0,0,0,1,1,1,0,0,1,1,0,0,0,0,0
necklace 43,0,0,0,0,1,0,0,0,1,1,0,0,1,1,0,0,0,0,0,0,0
necklace 44,0,0,0,1,0,1,0,0,0,1,0,1,1,0,0,1,0,0,0,0,0
necklace 45,0,0,0,0,0,1,0,0,0,1,0,1,1,1,0,1,0,0,0,0,0
necklace 46,0,0,1,1,0,1,0,0,0,1,0,1,0,0,1,0,0,0,0,0,1
necklace 47,0,0,0,1,0,0,0,1,1,1,0,0,1,0,0,0,0,0,0,0,1
necklace 48,0,0,0,1,0,0,0,1,1,1,0,0,1,0,0,0,0,0,0,0,1
necklace 49,0,0,0,1,0,0,0,0,1,1,0,1,1,1,0,1,0,0,0,0,0
necklace 50,0,1,0,1,0,0,0,0,0,1,0,1,1,0,0,0,0,0,0,0,0
necklace 51,0,0,0,1,0,1,0,0,0,1,1,0,0,0,1,0,0,0,0,0,1
necklace 52,0,0,0,0,1,1,0,0,0,1,0,0,1,0,0,0,0,0,0,0,0
necklace 53,0,0,0,0,0,1,0,0,0,1,0,1,1,0,0,0,0,0,0,0,1
oily 1,0,0,0,0,0,1,0,0,0,0,1,0,0,0,1,0,0,1,0,0,1
oily 2,0,1,0,0,1,0,1,0,1,0,1,0,0,0,1,1,0,0,0,0,0
oily 3,0,0,0,0,0,1,1,0,0,0,1,0,0,0,1,0,0,0,0,0,1
oily 4,0,0,0,0,0,1,1,0,0,0,1,0,0,1,1,0,0,0,0,0,1
oily 5,0,0,0,0,0,0,0,1,0,0,1,1,0,0,1,0,0,0,0,0,1
oily 6,0,0,0,0,1,1,0,0,0,0,1,1,0,1,1,0,0,0,0,0,1
oily 7,0,0,0,0,1,1,1,0,0,0,1,0,0,1,1,0,0,0,0,0,0
oily 8,1,0,0,0,0,0,0,0,1,0,1,0,0,1,1,0,0,0,0,0,0
oily 9,0,0,0,0,1,1,1,0,0,0,1,1,0,0,1,0,0,0,0,0,1
oily 10,1,0,0,0,0,1,0,0,0,0,1,1,0,0,1,0,0,0,0,0,1
oily 11,0,0,0,0,0,0,0,0,1,0,1,1,0,0,1,0,0,0,0,0,0
oily 12,0,0,0,0,0,1,1,0,0,0,1,0,0,1,1,0,0,0,0,0,1
oily 13,0,0,0,0,0,1,1,1,0,0,1,0,0,0,1,0,0,1,0,0,1
oily 14,0,0,0,0,0,1,1,0,0,1,1,0,0,0,1,0,0,0,0,0,1
oily 15,0,0,0,1,0,1,1,0,0,0,1,0,0,1,1,0,0,0,0,0,0
oily 16,0,0,0,1,0,1,0,0,0,0,1,0,0,0,1,0,0,0,0,0,1
oily 17,0,0,0,1,0,1,1,0,0,0,1,0,0,0,1,0,0,0,0,0,1
oily 18,0,0,0,1,0,0,1,1,0,0,1,0,0,0,1,0,0,0,0,0,1
oily 19,1,0,0,1,1,1,0,0,0,0,1,0,0,1,1,0,0,0,0,0,1
oily 20,0,0,0,0,0,1,0,0,0,0,1,0,0,0,1,0,0,0,0,0,1
oily 21,0,1,0,0,0,0,1,0,0,0,1,0,0,0,1,0,0,0,0,0,0
oily 22,0,0,0,0,0,1,0,0,0,0,1,0,0,0,1,0,0,0,0,0,1
oily 23,0,0,0,0,0,1,0,0,0,0,1,0,0,0,1,0,0,0,0,0,0
oily 24,0,0,0,0,0,0,0,0,0,0,1,1,0,0,1,0,0,0,0,0,1
oily 25,0,0,0,0,0,0,1,0,1,0,1,0,0,0,1,0,0,0,0,0,0
oily 26,0,0,0,0,0,1,0,0,0,0,1,0,0,1,1,0,0,0,0,0,1
oily 27,0,0,0,0,0,1,0,0,1,0,1,0,0,0,1,0,0,0,0,0,0
oily 28,0,0,0,0,0,1,1,0,0,0,1,0,0,1,1,0,0,1,0,0,1
oily 29,0,0,0,0,1,1,0,0,1,0,1,0,0,1,1,0,0,0,0,0,1
oily 30,0,0,0,0,0,1,1,1,0,0,1,0,0,0,1,0,0,0,0,0,1
oily 31,0,0,0,1,0,1,0,0,0,0,1,0,0,0,1,0,0,0,0,0,1
oily 32,0,1,0,0,0,0,0,0,0,0,1,0,0,0,1,1,0,0,0,0,0
oily 33,0,1,0,1,0,0,0,0,0,0,1,1,0,0,1,0,0,0,0,0,0
oily 34,0,1,0,0,0,0,1,0,0,0,1,0,0,1,1,0,0,0,0,0,0
oily 35,0,0,0,0,0,0,0,0,1,0,1,0,0,0,1,0,0,0,0,0,0
oily 36,0,0,0,1,1,0,0,0,1,0,1,1,0,0,1,0,0,0,0,0,0
oily 37,0,0,0,0,1,1,0,0,0,0,1,1,0,1,1,0,0,0,0,0,0
oily 38,0,0,0,0,0,1,0,0,0,0,1,0,0,1,1,0,0,0,0,0,1
oily 39,0,0,0,0,0,0,1,1,1,0,1,0,0,0,1,0,0,0,0,0,0
oily 40,0,0,0,0,1,1,0,0,0,0,1,0,0,0,1,0,0,0,0,0,0
oily 41,0,0,0,0,0,1,1,0,0,0,1,0,0,0,1,0,0,0,0,0,1
oily 42,0,0,0,0,0,0,1,0,1,0,1,1,0,0,1,0,0,0,0,0,0
oily 43,1,1,0,0,0,0,0,0,1,0,1,0,0,0,1,1,0,0,0,0,0
oily 44,0,0,0,0,0,1,0,0,0,0,1,1,0,1,1,0,0,0,0,0,1
oily 45,0,0,0,0,0,0,1,0,1,0,1,0,0,0,1,0,0,0,0,0,1
oily 46,0,1,0,0,0,0,0,1,0,0,1,0,0,0,1,0,0,0,0,0,0
oily 47,0,1,0,0,0,0,0,1,0,0,1,0,0,0,1,0,0,0,0,0,0
oily 48,0,1,0,0,0,0,0,1,0,0,1,1,0,0,1,0,0,0,0,0,0
oily 49,0,1,0,0,0,0,0,0,1,0,1,0,0,0,1,0,0,0,0,0,0
oily 50,0,1,0,1,0,0,0,0,0,0,1,0,0,1,1,0,0,0,0,0,0
left face 1,0,0,0,0,0,1,0,0,0,0,0,0,1,0,0,0,0,0,0,0,1
left face 2,0,0,0,0,0,1,0,1,0,0,0,0,1,0,0,0,0,0,0,0,1
left face 3,0,0,1,0,0,1,1,1,0,0,0,0,1,0,0,0,0,1,0,0,1
left face 4,0,0,0,0,0,1,1,1,1,0,1,0,1,0,0,0,0,0,0,0,1
left face 5,1,0,0,0,0,1,0,1,0,0,1,0,0,0,1,0,0,0,0,0,1
left face 6,1,0,0,0,0,1,0,1,0,0,1,0,0,0,1,0,0,1,0,0,1
left face 7,1,0,0,0,0,1,0,1,0,0,1,0,0,0,1,0,0,0,0,0,1
left face 8,0,0,0,0,0,1,0,1,0,0,1,0,0,0,1,0,0,0,0,0,1
left face 9,1,0,0,1,0,1,0,1,0,0,0,0,0,0,1,0,0,1,0,0,1
left face 10,1,0,0,0,0,1,0,1,0,0,1,0,0,0,1,0,0,0,0,0,1
left face 11,0,0,0,0,0,1,0,1,0,0,0,0,1,0,0,0,0,1,0,0,1
left face 12,0,0,0,0,0,1,0,1,0,0,0,0,1,0,0,0,0,0,0,0,1
left face 13,0,0,0,0,0,0,0,1,0,0,0,0,1,0,0,0,0,0,0,0,1
left face 14,1,0,0,0,0,0,0,1,0,0,1,0,0,0,1,0,0,1,0,0,1
left face 15,0,0,0,0,0,1,0,1,0,0,0,0,1,0,0,0,0,0,0,0,1
left face 16,0,0,0,0,0,1,0,1,0,0,1,0,0,0,1,0,0,0,0,0,0
left face 17,0,0,0,0,0,1,0,1,0,0,0,0,1,0,0,0,0,0,0,0,1
left face 18,0,0,0,0,0,1,0,1,0,0,0,0,1,0,0,0,0,0,0,0,1
left face 19,1,0,0,0,0,0,0,1,0,0,0,0,0,0,1,0,0,1,0,0,1
left face 20,1,0,0,0,0,0,0,1,1,0,0,0,1,0,0,0,0,0,0,0,0
left face 21,0,0,0,0,0,1,0,1,0,0,0,0,1,0,0,0,0,0,0,0,0
left face 22,0,0,0,0,0,0,0,1,1,0,0,0,1,0,0,0,0,0,0,0,0
left face 23,0,0,0,0,1,0,0,1,1,0,0,0,1,0,0,0,0,0,0,0,0
left face 24,1,0,0,0,0,0,0,1,0,0,1,0,0,0,1,0,0,1,0,0,1
left face 25,1,0,0,0,1,1,0,1,1,0,0,0,1,0,1,0,0,0,0,0,0
left face 26,0,0,0,0,0,1,0,1,0,0,0,0,0,0,1,0,0,0,0,0,0
left face 27,0,0,0,0,0,0,0,1,1,0,1,0,0,0,1,0,0,0,0,0,0
left face 28,0,0,0,1,0,1,0,1,0,1,0,0,1,0,0,0,0,0,0,0,1
left face 29,0,0,0,0,0,1,0,1,0,0,0,0,1,0,0,0,0,0,0,0,1
left face 30,0,0,0,0,0,1,0,1,0,0,0,0,1,0,0,0,0,0,0,0,1
left face 31,0,0,0,0,0,0,0,1,1,0,0,0,1,0,0,0,0,0,0,0,1
left face 32,1,0,0,0,0,1,0,1,0,0,0,0,0,0,0,0,0,0,0,0,1
left face 33,0,0,0,0,0,1,0,1,0,0,0,0,1,0,0,0,0,0,0,0,1
left face 34,0,0,0,0,1,0,0,1,0,0,1,0,0,0,1,0,0,0,0,0,0
left face 35,0,0,0,0,0,0,0,1,0,0,0,0,1,0,0,0,0,0,0,0,1
left face 36,0,0,0,0,0,0,0,1,1,0,0,0,1,0,0,0,0,0,0,0,1
left face 37,0,0,0,0,0,1,0,1,1,0,0,0,0,0,1,0,0,0,0,0,1
left face 38,1,0,0,1,0,0,0,1,0,0,1,1,0,0,1,0,0,1,0,0,0
left face 39,0,0,0,0,0,1,0,1,0,0,0,0,1,0,1,0,0,0,0,0,1
left face 40,1,0,0,0,0,1,0,1,0,0,0,0,0,0,1,0,0,0,0,0,1
left face 41,0,0,0,1,0,1,0,1,0,0,0,0,0,0,1,0,0,0,0,0,1
left face 42,0,1,0,0,0,0,0,1,1,0,0,0,1,0,0,0,0,0,0,0,0
left face 43,0,0,0,0,0,0,0,1,1,0,0,0,1,0,0,0,0,0,0,0,0
left face 44,0,0,0,0,0,1,0,1,0,0,0,0,1,0,0,0,0,0,0,0,1
left face 46,0,0,0,0,0,1,0,1,0,0,0,0,1,0,0,0,0,0,0,0,1
left face 47,1,0,0,0,0,0,0,1,1,0,1,0,0,0,1,0,0,0,0,0,1
left face 48,0,0,0,0,0,0,0,1,1,0,0,0,0,0,1,0,0,1,0,0,1
left face 49,0,0,0,0,0,1,0,1,0,0,0,0,1,0,0,0,0,0,0,0,1
left face 50,1,0,0,0,0,0,0,1,1,0,1,0,1,0,1,0,0,1,0,0,0
right_side 2,1,0,1,0,0,1,0,0,0,0,0,0,0,1,1,0,0,0,0,0,0
right_side 3,0,0,1,0,1,0,0,0,1,0,0,0,1,1,0,0,0,0,0,0,0
right_side 4,0,0,0,0,0,1,0,0,0,0,1,0,0,1,1,0,0,0,0,0,1
right_side 5,0,0,0,0,0,1,0,0,0,0,0,0,1,1,0,0,0,0,0,0,1
right_side 6,0,0,0,1,0,1,0,0,0,0,1,0,0,1,1,0,0,0,0,0,1
right_side 7,0,0,0,0,0,1,0,0,0,0,1,1,0,1,1,0,0,0,0,0,1
right_side 8,0,0,0,1,0,1,0,0,0,0,1,0,0,1,1,0,0,0,0,0,1
right_side 9,1,0,0,1,0,1,0,0,0,0,1,0,0,1,1,0,0,0,0,0,1
right_side 10,0,0,0,0,0,1,0,0,0,0,0,0,1,1,0,0,0,0,0,0,1
right_side 11,0,0,0,0,0,0,0,0,1,0,0,0,1,1,0,0,0,0,0,0,0
right_side 12,0,0,0,0,0,1,0,0,0,0,1,0,1,0,1,0,0,0,0,0,1
right_side 13,0,0,0,0,0,1,0,0,0,0,0,0,1,1,0,0,0,0,0,0,1
right_side 14,0,0,0,0,0,1,0,0,0,0,1,0,0,1,1,0,0,0,0,0,1
right_side 15,0,0,0,0,0,1,0,0,0,0,1,0,0,1,1,0,0,0,0,0,1
right_side 16,0,0,1,1,0,1,0,0,1,0,0,0,0,1,1,0,0,0,0,0,0
right_side 17,0,0,0,0,0,1,0,0,0,0,0,0,1,1,0,0,0,0,0,0,1
right_side 18,1,0,0,0,0,1,0,0,0,0,0,0,0,1,1,0,0,0,0,0,0
right_side 19,0,0,0,0,0,1,0,0,0,0,0,0,1,1,0,0,0,0,0,0,1
right_side 20,0,0,0,0,0,1,0,0,0,0,0,0,1,1,0,0,0,0,0,0,1
right_side 21,0,0,0,0,0,1,0,0,0,0,0,0,1,1,0,0,0,0,0,0,1
right_side 22,0,0,0,0,0,1,0,0,0,0,0,0,0,1,1,0,1,0,0,0,1
right_side 23,0,0,0,0,0,1,0,0,0,0,0,0,1,1,0,0,0,0,0,0,1
right_side 24,0,0,0,0,0,0,0,0,1,0,0,0,1,1,0,0,0,0,0,0,0
right_side 25,0,0,0,0,1,0,0,0,1,0,0,0,1,1,0,0,0,0,0,0,0
right_side 26,0,0,0,1,1,0,0,0,1,0,0,0,1,1,0,0,0,0,0,0,0
right_side 27,0,0,0,0,0,0,0,0,1,0,1,0,1,1,0,0,0,0,0,0,0
right_side 28,1,0,0,1,0,1,0,0,0,0,0,0,0,1,1,0,0,0,0,0,0
right_side 29,0,0,0,1,1,0,0,0,1,0,0,0,1,1,0,0,0,0,0,0,1
right_side 30,0,0,0,0,0,1,0,0,0,0,0,0,1,1,0,0,0,0,0,0,0
right_side 31,1,0,0,0,0,1,0,0,0,1,0,0,0,1,1,0,0,0,0,0,0
right_side 32,0,0,0,0,0,1,0,0,0,0,1,0,0,1,1,0,0,0,0,0,1
right_side 33,0,0,0,0,1,1,0,0,0,0,0,0,1,1,0,0,0,0,0,0,0
right_side 34,0,0,0,0,0,1,0,0,0,0,0,0,1,1,0,0,0,0,0,0,1
right_side 35,0,0,0,0,0,1,0,0,0,0,0,0,1,1,0,0,0,0,0,0,1
right_side 36,0,0,0,0,0,1,0,0,0,0,0,0,1,1,0,0,0,0,0,0,1
right_side 37,0,0,0,1,0,1,0,0,0,1,1,0,0,1,1,0,0,0,0,0,1
right_side 38,0,1,0,0,0,1,0,0,0,0,1,0,0,1,1,0,0,0,0,0,0
right_side 39,0,0,0,0,1,0,0,0,1,0,0,0,1,1,0,0,0,0,0,0,0
right_side 40,0,0,0,0,0,0,0,0,1,0,0,0,1,1,0,0,0,0,0,0,0
right_side 41,0,0,0,0,0,1,0,0,0,0,0,0,1,1,0,0,0,0,0,0,1
right_side 42,0,0,0,0,0,0,0,0,1,0,1,0,0,1,1,0,0,0,1,0,1
right_side 43,1,0,0,0,0,0,0,0,1,0,0,0,0,1,1,0,0,0,0,0,1
right_side 44,0,0,0,0,0,0,0,0,1,0,0,0,1,1,0,0,0,1,0,0,0
right_side 45,0,0,0,0,0,0,0,0,1,0,0,0,0,1,1,0,0,0,0,0,0
right_side 46,1,0,0,0,0,1,0,0,0,0,0,0,0,1,1,0,0,0,0,0,1
right_side 47,0,0,0,1,0,1,0,0,0,0,0,0,0,1,1,0,0,0,0,0,1
right_side 48,1,0,0,0,0,1,0,0,0,0,0,0,0,1,1,0,0,0,0,0,1
right_side 49,0,0,0,0,0,0,0,0,1,0,0,0,1,1,1,0,0,0,0,0,0
